{
  "variants": {
    "type=bottom,smoldering=false": {
      "model": "immersive_weathering:block/charred_slab"
    },
    "type=double,smoldering=false": {
      "model": "immersive_weathering:block/charred_planks"
    },
    "type=top,smoldering=false": {
      "model": "immersive_weathering:block/charred_slab_top"
    },
    "type=bottom,smoldering=true": {
      "model": "immersive_weathering:block/charred_slab_lit"
    },
    "type=double,smoldering=true": {
      "model": "immersive_weathering:block/charred_planks_lit"
    },
    "type=top,smoldering=true": {
      "model": "immersive_weathering:block/charred_slab_top_lit"
    }
  }
}