{
  "variants": {
    "facing=east,in_wall=false,open=false,smoldering=false": {
      "uvlock": true,
      "y": 270,
      "model": "immersive_weathering:block/charred_fence_gate"
    },
    "facing=east,in_wall=false,open=true,smoldering=false": {
      "uvlock": true,
      "y": 270,
      "model": "immersive_weathering:block/charred_fence_gate_open"
    },
    "facing=east,in_wall=true,open=false,smoldering=false": {
      "uvlock": true,
      "y": 270,
      "model": "immersive_weathering:block/charred_fence_gate_wall"
    },
    "facing=east,in_wall=true,open=true,smoldering=false": {
      "uvlock": true,
      "y": 270,
      "model": "immersive_weathering:block/charred_fence_gate_wall_open"
    },
    "facing=north,in_wall=false,open=false,smoldering=false": {
      "uvlock": true,
      "y": 180,
      "model": "immersive_weathering:block/charred_fence_gate"
    },
    "facing=north,in_wall=false,open=true,smoldering=false": {
      "uvlock": true,
      "y": 180,
      "model": "immersive_weathering:block/charred_fence_gate_open"
    },
    "facing=north,in_wall=true,open=false,smoldering=false": {
      "uvlock": true,
      "y": 180,
      "model": "immersive_weathering:block/charred_fence_gate_wall"
    },
    "facing=north,in_wall=true,open=true,smoldering=false": {
      "uvlock": true,
      "y": 180,
      "model": "immersive_weathering:block/charred_fence_gate_wall_open"
    },
    "facing=south,in_wall=false,open=false,smoldering=false": {
      "uvlock": true,
      "model": "immersive_weathering:block/charred_fence_gate"
    },
    "facing=south,in_wall=false,open=true,smoldering=false": {
      "uvlock": true,
      "model": "immersive_weathering:block/charred_fence_gate_open"
    },
    "facing=south,in_wall=true,open=false,smoldering=false": {
      "uvlock": true,
      "model": "immersive_weathering:block/charred_fence_gate_wall"
    },
    "facing=south,in_wall=true,open=true,smoldering=false": {
      "uvlock": true,
      "model": "immersive_weathering:block/charred_fence_gate_wall_open"
    },
    "facing=west,in_wall=false,open=false,smoldering=false": {
      "uvlock": true,
      "y": 90,
      "model": "immersive_weathering:block/charred_fence_gate"
    },
    "facing=west,in_wall=false,open=true,smoldering=false": {
      "uvlock": true,
      "y": 90,
      "model": "immersive_weathering:block/charred_fence_gate_open"
    },
    "facing=west,in_wall=true,open=false,smoldering=false": {
      "uvlock": true,
      "y": 90,
      "model": "immersive_weathering:block/charred_fence_gate_wall"
    },
    "facing=west,in_wall=true,open=true,smoldering=false": {
      "uvlock": true,
      "y": 90,
      "model": "immersive_weathering:block/charred_fence_gate_wall_open"
    },
    "facing=east,in_wall=false,open=false,smoldering=true": {
      "uvlock": true,
      "y": 270,
      "model": "immersive_weathering:block/charred_fence_gate_lit"
    },
    "facing=east,in_wall=false,open=true,smoldering=true": {
      "uvlock": true,
      "y": 270,
      "model": "immersive_weathering:block/charred_fence_gate_open_lit"
    },
    "facing=east,in_wall=true,open=false,smoldering=true": {
      "uvlock": true,
      "y": 270,
      "model": "immersive_weathering:block/charred_fence_gate_wall_lit"
    },
    "facing=east,in_wall=true,open=true,smoldering=true": {
      "uvlock": true,
      "y": 270,
      "model": "immersive_weathering:block/charred_fence_gate_wall_open_lit"
    },
    "facing=north,in_wall=false,open=false,smoldering=true": {
      "uvlock": true,
      "y": 180,
      "model": "immersive_weathering:block/charred_fence_gate_lit"
    },
    "facing=north,in_wall=false,open=true,smoldering=true": {
      "uvlock": true,
      "y": 180,
      "model": "immersive_weathering:block/charred_fence_gate_open_lit"
    },
    "facing=north,in_wall=true,open=false,smoldering=true": {
      "uvlock": true,
      "y": 180,
      "model": "immersive_weathering:block/charred_fence_gate_wall_lit"
    },
    "facing=north,in_wall=true,open=true,smoldering=true": {
      "uvlock": true,
      "y": 180,
      "model": "immersive_weathering:block/charred_fence_gate_wall_open_lit"
    },
    "facing=south,in_wall=false,open=false,smoldering=true": {
      "uvlock": true,
      "model": "immersive_weathering:block/charred_fence_gate_lit"
    },
    "facing=south,in_wall=false,open=true,smoldering=true": {
      "uvlock": true,
      "model": "immersive_weathering:block/charred_fence_gate_open_lit"
    },
    "facing=south,in_wall=true,open=false,smoldering=true": {
      "uvlock": true,
      "model": "immersive_weathering:block/charred_fence_gate_wall_lit"
    },
    "facing=south,in_wall=true,open=true,smoldering=true": {
      "uvlock": true,
      "model": "immersive_weathering:block/charred_fence_gate_wall_open_lit"
    },
    "facing=west,in_wall=false,open=false,smoldering=true": {
      "uvlock": true,
      "y": 90,
      "model": "immersive_weathering:block/charred_fence_gate_lit"
    },
    "facing=west,in_wall=false,open=true,smoldering=true": {
      "uvlock": true,
      "y": 90,
      "model": "immersive_weathering:block/charred_fence_gate_open_lit"
    },
    "facing=west,in_wall=true,open=false,smoldering=true": {
      "uvlock": true,
      "y": 90,
      "model": "immersive_weathering:block/charred_fence_gate_wall_lit"
    },
    "facing=west,in_wall=true,open=true,smoldering=true": {
      "uvlock": true,
      "y": 90,
      "model": "immersive_weathering:block/charred_fence_gate_wall_open_lit"
    }
  }
}