
{
  "variants": {
    "type=north,smoldering=false,overhang=0,waterlogged=false": { "model": "immersive_weathering:block/charred_vertical_slab", "y": 0, "uvlock": true },
    "type=south,smoldering=false,overhang=0,waterlogged=false": { "model": "immersive_weathering:block/charred_vertical_slab", "y": 180, "uvlock": true },
    "type=east,smoldering=false,overhang=0,waterlogged=false": { "model": "immersive_weathering:block/charred_vertical_slab", "y": 90, "uvlock": true },
    "type=west,smoldering=false,overhang=0,waterlogged=false": { "model": "immersive_weathering:block/charred_vertical_slab", "y": 270, "uvlock": true },
    "type=double,smoldering=false,overhang=0,waterlogged=false": { "model": "immersive_weathering:block/charred_planks" },
    "type=north,smoldering=true,overhang=0,waterlogged=false": { "model": "immersive_weathering:block/charred_vertical_slab_lit", "y": 0, "uvlock": true },
    "type=south,smoldering=true,overhang=0,waterlogged=false": { "model": "immersive_weathering:block/charred_vertical_slab_lit", "y": 180, "uvlock": true },
    "type=east,smoldering=true,overhang=0,waterlogged=false": { "model": "immersive_weathering:block/charred_vertical_slab_lit", "y": 90, "uvlock": true },
    "type=west,smoldering=true,overhang=0,waterlogged=false": { "model": "immersive_weathering:block/charred_vertical_slab_lit", "y": 270, "uvlock": true },
    "type=double,smoldering=true,overhang=0,waterlogged=false": { "model": "immersive_weathering:block/charred_planks_lit" },
    "type=north,smoldering=false,overhang=0,waterlogged=true": { "model": "immersive_weathering:block/charred_vertical_slab", "y": 0, "uvlock": true },
    "type=south,smoldering=false,overhang=0,waterlogged=true": { "model": "immersive_weathering:block/charred_vertical_slab", "y": 180, "uvlock": true },
    "type=east,smoldering=false,overhang=0,waterlogged=true": { "model": "immersive_weathering:block/charred_vertical_slab", "y": 90, "uvlock": true },
    "type=west,smoldering=false,overhang=0,waterlogged=true": { "model": "immersive_weathering:block/charred_vertical_slab", "y": 270, "uvlock": true },
    "type=double,smoldering=false,overhang=0,waterlogged=true": { "model": "immersive_weathering:block/charred_planks" },
    "type=north,smoldering=true,overhang=0,waterlogged=true": { "model": "immersive_weathering:block/charred_vertical_slab_lit", "y": 0, "uvlock": true },
    "type=south,smoldering=true,overhang=0,waterlogged=true": { "model": "immersive_weathering:block/charred_vertical_slab_lit", "y": 180, "uvlock": true },
    "type=east,smoldering=true,overhang=0,waterlogged=true": { "model": "immersive_weathering:block/charred_vertical_slab_lit", "y": 90, "uvlock": true },
    "type=west,smoldering=true,overhang=0,waterlogged=true": { "model": "immersive_weathering:block/charred_vertical_slab_lit", "y": 270, "uvlock": true },
    "type=double,smoldering=true,overhang=0,waterlogged=true": { "model": "immersive_weathering:block/charred_planks_lit" },

    "type=north,smoldering=false,overhang=1,waterlogged=false": { "model": "immersive_weathering:block/charred_vertical_slab", "y": 0, "uvlock": true },
    "type=south,smoldering=false,overhang=1,waterlogged=false": { "model": "immersive_weathering:block/charred_vertical_slab", "y": 180, "uvlock": true },
    "type=east,smoldering=false,overhang=1,waterlogged=false": { "model": "immersive_weathering:block/charred_vertical_slab", "y": 90, "uvlock": true },
    "type=west,smoldering=false,overhang=1,waterlogged=false": { "model": "immersive_weathering:block/charred_vertical_slab", "y": 270, "uvlock": true },
    "type=double,smoldering=false,overhang=1,waterlogged=false": { "model": "immersive_weathering:block/charred_planks" },
    "type=north,smoldering=true,overhang=1,waterlogged=false": { "model": "immersive_weathering:block/charred_vertical_slab_lit", "y": 0, "uvlock": true },
    "type=south,smoldering=true,overhang=1,waterlogged=false": { "model": "immersive_weathering:block/charred_vertical_slab_lit", "y": 180, "uvlock": true },
    "type=east,smoldering=true,overhang=1,waterlogged=false": { "model": "immersive_weathering:block/charred_vertical_slab_lit", "y": 90, "uvlock": true },
    "type=west,smoldering=true,overhang=1,waterlogged=false": { "model": "immersive_weathering:block/charred_vertical_slab_lit", "y": 270, "uvlock": true },
    "type=double,smoldering=true,overhang=1,waterlogged=false": { "model": "immersive_weathering:block/charred_planks_lit" },
    "type=north,smoldering=false,overhang=1,waterlogged=true": { "model": "immersive_weathering:block/charred_vertical_slab", "y": 0, "uvlock": true },
    "type=south,smoldering=false,overhang=1,waterlogged=true": { "model": "immersive_weathering:block/charred_vertical_slab", "y": 180, "uvlock": true },
    "type=east,smoldering=false,overhang=1,waterlogged=true": { "model": "immersive_weathering:block/charred_vertical_slab", "y": 90, "uvlock": true },
    "type=west,smoldering=false,overhang=1,waterlogged=true": { "model": "immersive_weathering:block/charred_vertical_slab", "y": 270, "uvlock": true },
    "type=double,smoldering=false,overhang=1,waterlogged=true": { "model": "immersive_weathering:block/charred_planks" },
    "type=north,smoldering=true,overhang=1,waterlogged=true": { "model": "immersive_weathering:block/charred_vertical_slab_lit", "y": 0, "uvlock": true },
    "type=south,smoldering=true,overhang=1,waterlogged=true": { "model": "immersive_weathering:block/charred_vertical_slab_lit", "y": 180, "uvlock": true },
    "type=east,smoldering=true,overhang=1,waterlogged=true": { "model": "immersive_weathering:block/charred_vertical_slab_lit", "y": 90, "uvlock": true },
    "type=west,smoldering=true,overhang=1,waterlogged=true": { "model": "immersive_weathering:block/charred_vertical_slab_lit", "y": 270, "uvlock": true },
    "type=double,smoldering=true,overhang=1,waterlogged=true": { "model": "immersive_weathering:block/charred_planks_lit" },

    "type=north,smoldering=false,overhang=2,waterlogged=false": { "model": "immersive_weathering:block/charred_vertical_slab", "y": 0, "uvlock": true },
    "type=south,smoldering=false,overhang=2,waterlogged=false": { "model": "immersive_weathering:block/charred_vertical_slab", "y": 180, "uvlock": true },
    "type=east,smoldering=false,overhang=2,waterlogged=false": { "model": "immersive_weathering:block/charred_vertical_slab", "y": 90, "uvlock": true },
    "type=west,smoldering=false,overhang=2,waterlogged=false": { "model": "immersive_weathering:block/charred_vertical_slab", "y": 270, "uvlock": true },
    "type=double,smoldering=false,overhang=2,waterlogged=false": { "model": "immersive_weathering:block/charred_planks" },
    "type=north,smoldering=true,overhang=2,waterlogged=false": { "model": "immersive_weathering:block/charred_vertical_slab_lit", "y": 0, "uvlock": true },
    "type=south,smoldering=true,overhang=2,waterlogged=false": { "model": "immersive_weathering:block/charred_vertical_slab_lit", "y": 180, "uvlock": true },
    "type=east,smoldering=true,overhang=2,waterlogged=false": { "model": "immersive_weathering:block/charred_vertical_slab_lit", "y": 90, "uvlock": true },
    "type=west,smoldering=true,overhang=2,waterlogged=false": { "model": "immersive_weathering:block/charred_vertical_slab_lit", "y": 270, "uvlock": true },
    "type=double,smoldering=true,overhang=2,waterlogged=false": { "model": "immersive_weathering:block/charred_planks_lit" },
    "type=north,smoldering=false,overhang=2,waterlogged=true": { "model": "immersive_weathering:block/charred_vertical_slab", "y": 0, "uvlock": true },
    "type=south,smoldering=false,overhang=2,waterlogged=true": { "model": "immersive_weathering:block/charred_vertical_slab", "y": 180, "uvlock": true },
    "type=east,smoldering=false,overhang=2,waterlogged=true": { "model": "immersive_weathering:block/charred_vertical_slab", "y": 90, "uvlock": true },
    "type=west,smoldering=false,overhang=2,waterlogged=true": { "model": "immersive_weathering:block/charred_vertical_slab", "y": 270, "uvlock": true },
    "type=double,smoldering=false,overhang=2,waterlogged=true": { "model": "immersive_weathering:block/charred_planks" },
    "type=north,smoldering=true,overhang=2,waterlogged=true": { "model": "immersive_weathering:block/charred_vertical_slab_lit", "y": 0, "uvlock": true },
    "type=south,smoldering=true,overhang=2,waterlogged=true": { "model": "immersive_weathering:block/charred_vertical_slab_lit", "y": 180, "uvlock": true },
    "type=east,smoldering=true,overhang=2,waterlogged=true": { "model": "immersive_weathering:block/charred_vertical_slab_lit", "y": 90, "uvlock": true },
    "type=west,smoldering=true,overhang=2,waterlogged=true": { "model": "immersive_weathering:block/charred_vertical_slab_lit", "y": 270, "uvlock": true },
    "type=double,smoldering=true,overhang=2,waterlogged=true": { "model": "immersive_weathering:block/charred_planks_lit" }
  }
}