
{
  "variants": {
    "type=north": { "model": "immersive_weathering:block/cut_iron_vertical_slab", "y": 0, "uvlock": true },
    "type=south": { "model": "immersive_weathering:block/cut_iron_vertical_slab", "y": 180, "uvlock": true },
    "type=east": { "model": "immersive_weathering:block/cut_iron_vertical_slab", "y": 90, "uvlock": true },
    "type=west": { "model": "immersive_weathering:block/cut_iron_vertical_slab", "y": 270, "uvlock": true },
    "type=double": { "model": "immersive_weathering:block/cut_iron" }
  }
}