{
  "variants": {
    "waterlogged=false,snowy=false": [
      {
        "model": "immersive_weathering:block/grassy_earthen_clay"
      },
      {
        "model": "immersive_weathering:block/grassy_earthen_clay",
        "y": 90
      },
      {
        "model": "immersive_weathering:block/grassy_earthen_clay",
        "y": 180
      },
      {
        "model": "immersive_weathering:block/grassy_earthen_clay",
        "y": 270
      }
    ],
    "waterlogged=true,snowy=false": [
      {
        "model": "immersive_weathering:block/grassy_earthen_clay_soaked"
      },
      {
        "model": "immersive_weathering:block/grassy_earthen_clay_soaked",
        "y": 90
      },
      {
        "model": "immersive_weathering:block/grassy_earthen_clay_soaked",
        "y": 180
      },
      {
        "model": "immersive_weathering:block/grassy_earthen_clay_soaked",
        "y": 270
      }
    ],
    "waterlogged=false,snowy=true": [
      {
        "model": "immersive_weathering:block/grassy_earthen_clay_snowy"
      }
    ],
    "waterlogged=true,snowy=true": [
      {
        "model": "immersive_weathering:block/grassy_earthen_clay_soaked_snowy"
      }
    ]
  }
}