{
  "variants": {
    "sandiness=0": [
      {
        "model": "immersive_weathering:block/sandy_stone_0"
      },
      {
        "model": "immersive_weathering:block/sandy_stone_0_mirrored"
      },
      {
        "model": "immersive_weathering:block/sandy_stone_0",
        "y": 180
      },
      {
        "model": "immersive_weathering:block/sandy_stone_0_mirrored",
        "y": 180
      }
    ],
    "sandiness=1": [
      {
        "model": "immersive_weathering:block/sandy_stone_1"
      },
      {
        "model": "immersive_weathering:block/sandy_stone_1_mirrored"
      },
      {
        "model": "immersive_weathering:block/sandy_stone_1",
        "y": 180
      },
      {
        "model": "immersive_weathering:block/sandy_stone_1_mirrored",
        "y": 180
      }
    ]
  }
}