{
  "variants": {
    "type=bottom,sandiness=0": {
      "model": "immersive_weathering:block/sandy_cobblestone_slab_0"
    },
    "type=double,sandiness=0": {
      "model": "immersive_weathering:block/sandy_cobblestone_0"
    },
    "type=top,sandiness=0": {
      "model": "immersive_weathering:block/sandy_cobblestone_slab_top_0"
    },
    "type=bottom,sandiness=1": {
      "model": "immersive_weathering:block/sandy_cobblestone_slab_1"
    },
    "type=double,sandiness=1": {
      "model": "immersive_weathering:block/sandy_cobblestone_1"
    },
    "type=top,sandiness=1": {
      "model": "immersive_weathering:block/sandy_cobblestone_slab_top_1"
    }
  }
}