{
  "multipart": [
    {
      "when": {
        "up": "true"
      },
      "apply": {
        "model": "immersive_weathering:block/soot",
        "x": 270,
        "uvlock": true
      }
    },
    {
      "when": {
        "up": "false",
        "north": "false",
        "west": "false",
        "south": "false",
        "east": "false",
        "down": "false"
      },
      "apply": {
        "model": "immersive_weathering:block/soot",
        "x": 270,
        "uvlock": true
      }
    },
    {
      "when": {
        "north": "true"
      },
      "apply": {
        "model": "immersive_weathering:block/soot"
      }
    },
    {
      "when": {
        "up": "false",
        "north": "false",
        "west": "false",
        "south": "false",
        "east": "false",
        "down": "false"
      },
      "apply": {
        "model": "immersive_weathering:block/soot"
      }
    },
    {
      "when": {
        "west": "true"
      },
      "apply": {
        "model": "immersive_weathering:block/soot",
        "y": 270,
        "uvlock": true
      }
    },
    {
      "when": {
        "up": "false",
        "north": "false",
        "west": "false",
        "south": "false",
        "east": "false",
        "down": "false"
      },
      "apply": {
        "model": "immersive_weathering:block/soot",
        "y": 270,
        "uvlock": true
      }
    },
    {
      "when": {
        "south": "true"
      },
      "apply": {
        "model": "immersive_weathering:block/soot",
        "y": 180,
        "uvlock": true
      }
    },
    {
      "when": {
        "up": "false",
        "north": "false",
        "west": "false",
        "south": "false",
        "east": "false",
        "down": "false"
      },
      "apply": {
        "model": "immersive_weathering:block/soot",
        "y": 180,
        "uvlock": true
      }
    },
    {
      "when": {
        "east": "true"
      },
      "apply": {
        "model": "immersive_weathering:block/soot",
        "y": 90,
        "uvlock": true
      }
    },
    {
      "when": {
        "up": "false",
        "north": "false",
        "west": "false",
        "south": "false",
        "east": "false",
        "down": "false"
      },
      "apply": {
        "model": "immersive_weathering:block/soot",
        "y": 90,
        "uvlock": true
      }
    },
    {
      "when": {
        "down": "true"
      },
      "apply": {
        "model": "immersive_weathering:block/soot",
        "x": 90,
        "uvlock": true
      }
    },
    {
      "when": {
        "up": "false",
        "north": "false",
        "west": "false",
        "south": "false",
        "east": "false",
        "down": "false"
      },
      "apply": {
        "model": "immersive_weathering:block/soot",
        "x": 90,
        "uvlock": true
      }
    }
  ]
}
