{
  "multipart": [
    {
      "apply": {
        "model": "immersive_weathering:block/weathered_iron_bars_post_ends"
      }
    },
    {
      "when": {
        "north": "false",
        "west": "false",
        "south": "false",
        "east": "false"
      },
      "apply": {
        "model": "immersive_weathering:block/weathered_iron_bars_post"
      }
    },
    {
      "when": {
        "north": "true",
        "west": "false",
        "south": "false",
        "east": "false"
      },
      "apply": {
        "model": "immersive_weathering:block/weathered_iron_bars_cap"
      }
    },
    {
      "when": {
        "north": "false",
        "west": "false",
        "south": "false",
        "east": "true"
      },
      "apply": {
        "model": "immersive_weathering:block/weathered_iron_bars_cap",
        "y": 90
      }
    },
    {
      "when": {
        "north": "false",
        "west": "false",
        "south": "true",
        "east": "false"
      },
      "apply": {
        "model": "immersive_weathering:block/weathered_iron_bars_cap_alt"
      }
    },
    {
      "when": {
        "north": "false",
        "west": "true",
        "south": "false",
        "east": "false"
      },
      "apply": {
        "model": "immersive_weathering:block/weathered_iron_bars_cap_alt",
        "y": 90
      }
    },
    {
      "when": {
        "north": "true"
      },
      "apply": {
        "model": "immersive_weathering:block/weathered_iron_bars_side"
      }
    },
    {
      "when": {
        "east": "true"
      },
      "apply": {
        "model": "immersive_weathering:block/weathered_iron_bars_side",
        "y": 90
      }
    },
    {
      "when": {
        "south": "true"
      },
      "apply": {
        "model": "immersive_weathering:block/weathered_iron_bars_side_alt"
      }
    },
    {
      "when": {
        "west": "true"
      },
      "apply": {
        "model": "immersive_weathering:block/weathered_iron_bars_side_alt",
        "y": 90
      }
    }
  ]
}