{
  "variants": {
    "clicked=true,rotation=0": {
      "model": "nightlights:block/frog_blue",
      "y": 180
    },
    "clicked=true,rotation=1": {
      "model": "nightlights:block/frog_blue3",
      "y": 270
    },
    "clicked=true,rotation=2": {
      "model": "nightlights:block/frog_blue2",
      "y": 270
    },
    "clicked=true,rotation=3": {
      "model": "nightlights:block/frog_blue1",
      "y": 270
    },
    "clicked=true,rotation=4": {
      "model": "nightlights:block/frog_blue",
      "y": 270
    },
    "clicked=true,rotation=5": {
      "model": "nightlights:block/frog_blue3"
    },
    "clicked=true,rotation=6": {      
    "model": "nightlights:block/frog_blue2"
    },
    "clicked=true,rotation=7": {
      "model": "nightlights:block/frog_blue1"
    },
    "clicked=true,rotation=8": {
      "model": "nightlights:block/frog_blue"
    },
    "clicked=true,rotation=9": {
      "model": "nightlights:block/frog_blue3",
      "y": 90
    },
    "clicked=true,rotation=10": {
      "model": "nightlights:block/frog_blue2",
      "y": 90
    },
    "clicked=true,rotation=11": {
      "model": "nightlights:block/frog_blue1",
      "y": 90
    },
    "clicked=true,rotation=12": {
      "model": "nightlights:block/frog_blue",
      "y": 90
    },
    "clicked=true,rotation=13": {
      "model": "nightlights:block/frog_blue3",
      "y": 180
    },
    "clicked=true,rotation=14": {
      "model": "nightlights:block/frog_blue2",
      "y": 180
    },
    "clicked=true,rotation=15": {
      "model": "nightlights:block/frog_blue1",
      "y": 180
    },
      "clicked=false,rotation=0": {
      "model": "nightlights:block/frog_blue",
      "y": 180
    },
    "clicked=false,rotation=1": {
      "model": "nightlights:block/frog_blue3",
      "y": 270
    },
    "clicked=false,rotation=2": {
      "model": "nightlights:block/frog_blue2",
      "y": 270
    },
    "clicked=false,rotation=3": {
      "model": "nightlights:block/frog_blue1",
      "y": 270
    },
    "clicked=false,rotation=4": {
      "model": "nightlights:block/frog_blue",
      "y": 270
    },
    "clicked=false,rotation=5": {
      "model": "nightlights:block/frog_blue3"
    },
    "clicked=false,rotation=6": {      
    "model": "nightlights:block/frog_blue2"
    },
    "clicked=false,rotation=7": {
      "model": "nightlights:block/frog_blue1"
    },
    "clicked=false,rotation=8": {
      "model": "nightlights:block/frog_blue"
    },
    "clicked=false,rotation=9": {
      "model": "nightlights:block/frog_blue3",
      "y": 90
    },
    "clicked=false,rotation=10": {
      "model": "nightlights:block/frog_blue2",
      "y": 90
    },
    "clicked=false,rotation=11": {
      "model": "nightlights:block/frog_blue1",
      "y": 90
    },
    "clicked=false,rotation=12": {
      "model": "nightlights:block/frog_blue",
      "y": 90
    },
    "clicked=false,rotation=13": {
      "model": "nightlights:block/frog_blue3",
      "y": 180
    },
    "clicked=false,rotation=14": {
      "model": "nightlights:block/frog_blue2",
      "y": 180
    },
    "clicked=false,rotation=15": {
      "model": "nightlights:block/frog_blue1",
      "y": 180
    }
  }
}