{
  "variants": {
    "": [
      {
        "model": "ribbits:block/umbrella_leaf"
      },
      {
        "model": "ribbits:block/umbrella_leaf",
        "y": 90
      },
      {
        "model": "ribbits:block/umbrella_leaf",
        "y": 180
      },
      {
        "model": "ribbits:block/umbrella_leaf",
        "y": 270
      },
      {
        "model": "ribbits:block/umbrella_leaf_2"
      },
      {
        "model": "ribbits:block/umbrella_leaf_2",
        "y": 90
      },
      {
        "model": "ribbits:block/umbrella_leaf_2",
        "y": 180
      },
      {
        "model": "ribbits:block/umbrella_leaf_2",
        "y": 270
      },
      {
        "model": "ribbits:block/umbrella_leaf_3"
      },
      {
        "model": "ribbits:block/umbrella_leaf_3",
        "y": 90
      },
      {
        "model": "ribbits:block/umbrella_leaf_3",
        "y": 180
      },
      {
        "model": "ribbits:block/umbrella_leaf_3",
        "y": 270
      },
      {
        "model": "ribbits:block/umbrella_leaf_4"
      },
      {
        "model": "ribbits:block/umbrella_leaf_4",
        "y": 90
      },
      {
        "model": "ribbits:block/umbrella_leaf_4",
        "y": 180
      },
      {
        "model": "ribbits:block/umbrella_leaf_4",
        "y": 270
      }
    ]
  }
}