{
    "ambientocclusion": false,
    "textures": {
        "particle": "immersive_weathering:block/soot_lit_3",
        "texture": "immersive_weathering:block/soot_lit_3"
    },
    "elements": [
        {
            "from": [0, 0, 0],
            "to": [16, 16, 1],
            "faces": {
                "north": {"uv": [16, 0, 0, 16], "texture": "#texture"},
                "east": {"uv": [0, 0, 1, 16], "texture": "#texture"},
                "south": {"uv": [0, 0, 16, 16], "texture": "#texture"},
                "west": {"uv": [0, 0, 1, 16], "texture": "#texture"},
                "up": {"uv": [0, 0, 16, 1], "texture": "#texture"},
                "down": {"uv": [0, 0, 16, 1], "texture": "#texture"}
            }
        }
    ]
}
